Id,Designator,Package,Quantity,Designation,Item Name,Part Number,Vendor,Cost per (100+),Cost,URL
1,"R25,R7,R1,R2,R3,R4,R5,R6,R8,R9,R10,R11,R12,R13,R14,R15,R16,R17,R18,R21,R22,R23,R24",R_0603_1608Metric_Pad1.05x0.95mm_HandSolder,23,330,RES SMD 10k 1% 0603,65T8183,Newark,0.023,,https://www.newark.com/bourns/cr0603-jw-331glf/res-thick-film-330r-5-0-1w-0603/dp/65T8183
2,D25,LED_0603_1608Metric_Pad1.05x0.95mm_HandSolder,1,RED,LED RED 20mA 2V 0603,09J9435,Newark,0.309,,https://www.newark.com/lumex/sml-lx0603siw-tr/led-red-0-8mm-x-1mm-60mcd-636nm/dp/09J9435?ost=160-1447-1-ND&iscrfnonsku=true&ddkey=https%3Aen-US%2FElement14_US%2Fsearch
5,U1,Tiva_Breakout,1,TM4C129E_Launchpad,CONN HDR 20POS .1 GOLD PCB,72K2943,Newark,2.54,,https://www.newark.com/amphenol-icc-fci/66953-010lf/board-board-connector-receptacle/dp/72K2943?rpsku=rel3:PPPC102LFBNRC&isexcsku=false
,U1,Tiva_Breakout,1,TM4C129E_Launchpad,EVAL BOARD FOR TM4C129E,28AH2566,Newark,27.97,,https://www.newark.com/texas-instruments/ek-tm4c129exl/evaluation-board-mcu-launchpad/dp/28AH2566?ost=EK-TM4C129EXL&ddkey=https%3Aen-US%2FElement14_US%2Fsearch
8,D1,LED_0603_1608Metric_Pad1.05x0.95mm_HandSolder,1,GRN,LED GREEN 20mA 2.2V 0603,75K1440,Newark,0.091,,"https://www.newark.com/lumex/sml-lx0603gw-tr/led-green-0-8mm-x-1mm-18mcd-565nm/dp/75K1440?st=LED,%20QuasarBrite,%20Green,%20SMD,%200603,%2020%20mA,%202%20V"
9,Conn1,MOLEX_SL_02_Horizontal,1,Molex_SL_02,"SL 2 Contacts, Header, THT",59H2645,Newark,0.568,,https://www.newark.com/molex/70543-0001/connector-header-2pos-1row-2-54mm/dp/59H2645?ost=WM4800-ND&iscrfnonsku=true&ddkey=https%3Aen-US%2FElement14_US%2Fsearch
10,"12V_A1,Conn30V_L1,Conn30V_R1,ConnPCH_C2",PinHeader_2x05_P1.27mm_Vertical,4,PH_2x5,,,,,,
11,"D2,D3,D4,D5,D6,D7,D8,D9,D10,D11,D12,D13,D14,D15,D16,D17,D18,D21,D22,D23,D24",LED_0603_1608Metric_Pad1.05x0.95mm_HandSolder,21,BLU,LED BLUE 20mA 3.5V 0603,70M9169,Newark,0.939,,"https://www.newark.com/lumex/sml-lx0603usbw-tr/led-blue-0-8mm-x-1mm-20mcd-470nm/dp/70M9169?st=LED,%20%20Blue,%20SMD,%200603,%2020%20mA,%203.5%20V"
12,"R19,R20,R26,R27,R28,R29,R30,R31",R_0603_1608Metric_Pad1.05x0.95mm_HandSolder,8,10k,RES SMD 10k 1% 0603,59AC6935,Newark,0.037,,https://www.newark.com/rohm/esr03ezpf1002/res-10k-1-0603-thick-film/dp/59AC6935?st=ESR03EZPF1002
